{"cameraMode":{"drawMode":0,"name":"Shaded","section":"Shading Mode"},"sceneLighting":true,"audioPlay":false,"sceneViewState":{"showFog":true,"showMaterialUpdate":false,"showSkybox":true,"showFlares":true,"showImageEffects":true,"showParticleSystems":true},"in2DMode":false,"pivot":{"x":6.9217681884765629,"y":-21.903507232666017,"z":6.422174453735352},"rotation":{"x":0.34449607133865359,"y":0.5241179466247559,"z":-0.24412311613559724,"w":0.7396126389503479},"size":86.71353912353516,"orthographic":false}